Method,Accuracy,Avg Calls,K Distribution
Oracle,1.0,0.0,-
Best Single,0.4670762444864524,1.0,-
Uniform Ensemble,0.581758034026465,11.0,-
ABW,0.8486137366099559,11.0,-
SPW,0.581758034026465,11.0,-
Hybrid,0.847511027095148,11.0,-
Top-K,0.8501890359168242,1.0,K1:6348 K2:0 K3:0
